region	region_description	utr_type	aso_start	aso_end	aso_length	target_seq	aso_seq	gc_percent	duplex_mfe	self_fold_mfe	max_homopolymer	quality_score	flags	genomic_start	genomic_end
3utr_structure_hotspot	3'UTR structure hotspot (MFE -42.0 kcal/mol)	3prime	148	164	16	ATCCGGCCGCCTAGGG	CCCTAGGCGGCCGGAT	75.0	-35.8	0.0	3	1.787		17810130	17810146
3utr_structure_hotspot	3'UTR structure hotspot (MFE -42.0 kcal/mol)	3prime	156	172	16	GCCTAGGGCTCAGACT	AGTCTGAGCCCTAGGC	62.5	-33.0	-2.1	3	1.653		17810138	17810154
3utr_structure_hotspot	3'UTR structure hotspot (MFE -42.0 kcal/mol)	3prime	152	172	20	GGCCGCCTAGGGCTCAGACT	AGTCTGAGCCCTAGGCGGCC	70.0	-45.4	-3.4	3	1.58		17810134	17810154
3utr_structure_hotspot	3'UTR structure hotspot (MFE -42.0 kcal/mol)	3prime	146	166	20	GGATCCGGCCGCCTAGGGCT	AGCCCTAGGCGGCCGGATCC	75.0	-47.0	-3.4	3	1.56		17810128	17810148
3utr_structure_hotspot	3'UTR structure hotspot (MFE -42.0 kcal/mol)	3prime	154	170	16	CCGCCTAGGGCTCAGA	TCTGAGCCCTAGGCGG	68.8	-34.4	-2.7	3	1.555		17810136	17810152
3utr_structure_hotspot	3'UTR structure hotspot (MFE -42.0 kcal/mol)	3prime	148	168	20	ATCCGGCCGCCTAGGGCTCA	TGAGCCCTAGGCGGCCGGAT	70.0	-45.3	-3.6	3	1.555		17810130	17810150
3utr_structure_hotspot	3'UTR structure hotspot (MFE -42.0 kcal/mol)	3prime	154	174	20	CCGCCTAGGGCTCAGACTTG	CAAGTCTGAGCCCTAGGCGG	65.0	-42.2	-3.3	3	1.53		17810136	17810156
3utr_structure_hotspot	3'UTR structure hotspot (MFE -42.0 kcal/mol)	3prime	155	173	18	CGCCTAGGGCTCAGACTT	AAGTCTGAGCCCTAGGCG	61.1	-36.3	-3.3	3	1.514		17810137	17810155
3utr_structure_hotspot	3'UTR structure hotspot (MFE -42.0 kcal/mol)	3prime	147	165	18	GATCCGGCCGCCTAGGGC	GCCCTAGGCGGCCGGATC	77.8	-42.1	-3.2	3	1.513	high_GC	17810129	17810147
3utr_structure_hotspot	3'UTR structure hotspot (MFE -42.0 kcal/mol)	3prime	149	167	18	TCCGGCCGCCTAGGGCTC	GAGCCCTAGGCGGCCGGA	77.8	-42.6	-3.6	3	1.501	high_GC	17810131	17810149
3utr_structure_hotspot	3'UTR structure hotspot (MFE -42.0 kcal/mol)	3prime	152	168	16	GGCCGCCTAGGGCTCA	TGAGCCCTAGGCGGCC	75.0	-36.6	-3.4	3	1.498		17810134	17810150
3utr_structure_hotspot	3'UTR structure hotspot (MFE -42.0 kcal/mol)	3prime	153	171	18	GCCGCCTAGGGCTCAGAC	GTCTGAGCCCTAGGCGGC	72.2	-40.5	-3.6	3	1.496		17810135	17810153
3utr_structure_hotspot	3'UTR structure hotspot (MFE -42.0 kcal/mol)	3prime	151	169	18	CGGCCGCCTAGGGCTCAG	CTGAGCCCTAGGCGGCCG	77.8	-41.6	-3.4	3	1.466	high_GC	17810133	17810151
3utr_structure_hotspot	3'UTR structure hotspot (MFE -42.0 kcal/mol)	3prime	150	166	16	CCGGCCGCCTAGGGCT	AGCCCTAGGCGGCCGG	81.2	-37.8	-3.4	3	1.447	high_GC	17810132	17810148
3utr_structure_hotspot	3'UTR structure hotspot (MFE -42.0 kcal/mol)	3prime	150	170	20	CCGGCCGCCTAGGGCTCAGA	TCTGAGCCCTAGGCGGCCGG	75.0	-46.8	-5.5	3	1.34	self_folding	17810132	17810152
AUG_ENST00000353383_262	AUG uORF at pos 262 (ENST00000353383, canonical)	5prime	250	266	16	GCCCCGACCCCCATGG	CCATGGGGGTCGGGGC	81.2	-38.0	-0.4	5	1.76	high_GC;homopolymer;G4_risk	17681708	17681723
AUG_ENST00000353383_262	AUG uORF at pos 262 (ENST00000353383, canonical)	5prime	256	272	16	ACCCCCATGGCCACCC	GGGTGGCCATGGGGGT	75.0	-37.0	-1.6	5	1.703	homopolymer;G4_risk	17681714	17681729
AUG_ENST00000353383_262	AUG uORF at pos 262 (ENST00000353383, canonical)	5prime	255	273	18	GACCCCCATGGCCACCCA	TGGGTGGCCATGGGGGTC	72.2	-41.5	-3.0	5	1.611	homopolymer;G4_risk	17681713	17681730
AUG_ENST00000353383_262	AUG uORF at pos 262 (ENST00000353383, canonical)	5prime	258	274	16	CCCCATGGCCACCCAG	CTGGGTGGCCATGGGG	75.0	-36.2	-2.3	4	1.583	G4_risk	17681716	17681731
AUG_ENST00000353383_262	AUG uORF at pos 262 (ENST00000353383, canonical)	5prime	256	276	20	ACCCCCATGGCCACCCAGGC	GCCTGGGTGGCCATGGGGGT	75.0	-47.9	-5.0	5	1.445	homopolymer;G4_risk	17681714	17681733
AUG_ENST00000353383_262	AUG uORF at pos 262 (ENST00000353383, canonical)	5prime	250	270	20	GCCCCGACCCCCATGGCCAC	GTGGCCATGGGGGTCGGGGC	80.0	-49.0	-4.7	5	1.43	high_GC;homopolymer;G4_risk	17681708	17681727
AUG_ENST00000353383_262	AUG uORF at pos 262 (ENST00000353383, canonical)	5prime	252	272	20	CCCGACCCCCATGGCCACCC	GGGTGGCCATGGGGGTCGGG	80.0	-48.9	-4.7	5	1.425	high_GC;homopolymer;G4_risk	17681710	17681729
AUG_ENST00000353383_262	AUG uORF at pos 262 (ENST00000353383, canonical)	5prime	254	274	20	CGACCCCCATGGCCACCCAG	CTGGGTGGCCATGGGGGTCG	75.0	-46.5	-4.5	5	1.425	homopolymer;G4_risk	17681712	17681731
AUG_ENST00000353383_262	AUG uORF at pos 262 (ENST00000353383, canonical)	5prime	251	269	18	CCCCGACCCCCATGGCCA	TGGCCATGGGGGTCGGGG	77.8	-42.9	-4.7	5	1.408	high_GC;homopolymer;G4_risk	17681709	17681726
AUG_ENST00000353383_262	AUG uORF at pos 262 (ENST00000353383, canonical)	5prime	248	268	20	GCGCCCCGACCCCCATGGCC	GGCCATGGGGGTCGGGGCGC	85.0	-50.5	-4.7	5	1.405	high_GC;homopolymer;G4_risk	17681706	17681725
AUG_ENST00000353383_262	AUG uORF at pos 262 (ENST00000353383, canonical)	5prime	257	275	18	CCCCCATGGCCACCCAGG	CCTGGGTGGCCATGGGGG	77.8	-42.8	-4.9	5	1.382	high_GC;homopolymer;G4_risk	17681715	17681732
AUG_ENST00000353383_262	AUG uORF at pos 262 (ENST00000353383, canonical)	5prime	249	267	18	CGCCCCGACCCCCATGGC	GCCATGGGGGTCGGGGCG	83.3	-43.8	-4.4	5	1.377	high_GC;homopolymer;G4_risk	17681707	17681724
AUG_ENST00000353383_262	AUG uORF at pos 262 (ENST00000353383, canonical)	5prime	253	271	18	CCGACCCCCATGGCCACC	GGTGGCCATGGGGGTCGG	77.8	-42.3	-4.7	5	1.374	high_GC;homopolymer;G4_risk	17681711	17681728
AUG_ENST00000353383_262	AUG uORF at pos 262 (ENST00000353383, canonical)	5prime	254	270	16	CGACCCCCATGGCCAC	GTGGCCATGGGGGTCG	75.0	-35.7	-4.5	5	1.331	homopolymer;G4_risk	17681712	17681727
AUG_ENST00000353383_262	AUG uORF at pos 262 (ENST00000353383, canonical)	5prime	252	268	16	CCCGACCCCCATGGCC	GGCCATGGGGGTCGGG	81.2	-38.0	-4.7	5	1.33	high_GC;homopolymer;G4_risk	17681710	17681725
AUG_ENST00000395774_18	AUG uORF at pos 18 (ENST00000395774, non-canonical_only)	5prime	12	28	16	GCACCCGCGGACACCA	TGGTGTCCGCGGGTGC	75.0	-35.5	0.0	3	1.769		17681470	17681485
AUG_ENST00000395774_18	AUG uORF at pos 18 (ENST00000395774, non-canonical_only)	5prime	10	26	16	CGGCACCCGCGGACAC	GTGTCCGCGGGTGCCG	81.2	-36.3	-0.5	3	1.644	high_GC	17681468	17681483
AUG_ENST00000395774_18	AUG uORF at pos 18 (ENST00000395774, non-canonical_only)	5prime	11	29	18	GGCACCCGCGGACACCAG	CTGGTGTCCGCGGGTGCC	77.8	-41.4	-2.1	3	1.584	high_GC	17681469	17681486
AUG_ENST00000395774_18	AUG uORF at pos 18 (ENST00000395774, non-canonical_only)	5prime	10	30	20	CGGCACCCGCGGACACCAGG	CCTGGTGTCCGCGGGTGCCG	80.0	-47.1	-3.6	3	1.445	high_GC	17681468	17681487
AUG_ENST00000395774_18	AUG uORF at pos 18 (ENST00000395774, non-canonical_only)	5prime	14	30	16	ACCCGCGGACACCAGG	CCTGGTGTCCGCGGGT	75.0	-35.4	-3.6	3	1.402		17681472	17681487
AUG_ENST00000395774_18	AUG uORF at pos 18 (ENST00000395774, non-canonical_only)	5prime	9	27	18	GCGGCACCCGCGGACACC	GGTGTCCGCGGGTGCCGC	83.3	-43.0	-4.0	3	1.372	high_GC	17681467	17681484
AUG_ENST00000395774_18	AUG uORF at pos 18 (ENST00000395774, non-canonical_only)	5prime	12	32	20	GCACCCGCGGACACCAGGCA	TGCCTGGTGTCCGCGGGTGC	75.0	-46.4	-5.8	3	1.29	self_folding	17681470	17681489
AUG_ENST00000395774_18	AUG uORF at pos 18 (ENST00000395774, non-canonical_only)	5prime	13	31	18	CACCCGCGGACACCAGGC	GCCTGGTGTCCGCGGGTG	77.8	-41.4	-5.7	3	1.224	high_GC;self_folding	17681471	17681488
AUG_ENST00000395774_18	AUG uORF at pos 18 (ENST00000395774, non-canonical_only)	5prime	8	28	20	CGCGGCACCCGCGGACACCA	TGGTGTCCGCGGGTGCCGCG	80.0	-47.0	-6.4	3	1.16	high_GC;self_folding	17681466	17681485
AUG_ENST00000395774_18	AUG uORF at pos 18 (ENST00000395774, non-canonical_only)	5prime	4	24	20	TCCTCGCGGCACCCGCGGAC	GTCCGCGGGTGCCGCGAGGA	80.0	-47.5	-7.6	3	1.065	high_GC;self_folding	17681462	17681481
AUG_ENST00000395774_18	AUG uORF at pos 18 (ENST00000395774, non-canonical_only)	5prime	7	25	18	TCGCGGCACCCGCGGACA	TGTCCGCGGGTGCCGCGA	77.8	-41.3	-7.6	3	1.029	high_GC;self_folding	17681465	17681482
AUG_ENST00000395774_18	AUG uORF at pos 18 (ENST00000395774, non-canonical_only)	5prime	8	24	16	CGCGGCACCCGCGGAC	GTCCGCGGGTGCCGCG	87.5	-37.8	-6.4	3	1.022	high_GC;self_folding	17681466	17681481
AUG_ENST00000395774_18	AUG uORF at pos 18 (ENST00000395774, non-canonical_only)	5prime	6	26	20	CTCGCGGCACCCGCGGACAC	GTGTCCGCGGGTGCCGCGAG	80.0	-46.6	-7.6	3	1.02	high_GC;self_folding	17681464	17681483
AUG_ENST00000395774_18	AUG uORF at pos 18 (ENST00000395774, non-canonical_only)	5prime	5	23	18	CCTCGCGGCACCCGCGGA	TCCGCGGGTGCCGCGAGG	83.3	-42.9	-7.6	3	1.007	high_GC;self_folding	17681463	17681480
AUG_ENST00000395774_18	AUG uORF at pos 18 (ENST00000395774, non-canonical_only)	5prime	6	22	16	CTCGCGGCACCCGCGG	CCGCGGGTGCCGCGAG	87.5	-37.7	-7.6	3	0.896	high_GC;self_folding	17681464	17681479
AUG_ENST00000471135_217	AUG uORF at pos 217 (ENST00000471135, non-canonical_only)	5prime	205	225	20	GCCCACCCTCCTTCCTGCCT	AGGCAGGAAGGAGGGTGGGC	70.0	-45.8	0.0	3	1.94		17681663	17681682
AUG_ENST00000471135_217	AUG uORF at pos 217 (ENST00000471135, non-canonical_only)	5prime	207	227	20	CCACCCTCCTTCCTGCCTGG	CCAGGCAGGAAGGAGGGTGG	70.0	-45.0	-0.2	3	1.88		17681665	17681684
AUG_ENST00000471135_217	AUG uORF at pos 217 (ENST00000471135, non-canonical_only)	5prime	209	225	16	ACCCTCCTTCCTGCCT	AGGCAGGAAGGAGGGT	62.5	-33.2	0.0	3	1.875		17681667	17681682
AUG_ENST00000471135_217	AUG uORF at pos 217 (ENST00000471135, non-canonical_only)	5prime	204	222	18	GGCCCACCCTCCTTCCTG	CAGGAAGGAGGGTGGGCC	72.2	-40.8	0.0	3	1.872		17681662	17681679
AUG_ENST00000471135_217	AUG uORF at pos 217 (ENST00000471135, non-canonical_only)	5prime	206	224	18	CCCACCCTCCTTCCTGCC	GGCAGGAAGGAGGGTGGG	72.2	-40.8	0.0	3	1.872		17681664	17681681
AUG_ENST00000471135_217	AUG uORF at pos 217 (ENST00000471135, non-canonical_only)	5prime	205	221	16	GCCCACCCTCCTTCCT	AGGAAGGAGGGTGGGC	68.8	-34.9	0.0	3	1.856		17681663	17681678
AUG_ENST00000471135_217	AUG uORF at pos 217 (ENST00000471135, non-canonical_only)	5prime	208	226	18	CACCCTCCTTCCTGCCTG	CAGGCAGGAAGGAGGGTG	66.7	-38.4	0.0	3	1.85		17681666	17681683
AUG_ENST00000471135_217	AUG uORF at pos 217 (ENST00000471135, non-canonical_only)	5prime	210	228	18	CCCTCCTTCCTGCCTGGC	GCCAGGCAGGAAGGAGGG	72.2	-40.8	-0.4	3	1.832		17681668	17681685
AUG_ENST00000471135_217	AUG uORF at pos 217 (ENST00000471135, non-canonical_only)	5prime	213	229	16	TCCTTCCTGCCTGGCC	GGCCAGGCAGGAAGGA	68.8	-34.9	-0.4	2	1.816		17681671	17681686
AUG_ENST00000471135_217	AUG uORF at pos 217 (ENST00000471135, non-canonical_only)	5prime	207	223	16	CCACCCTCCTTCCTGC	GCAGGAAGGAGGGTGG	68.8	-34.2	0.0	3	1.813		17681665	17681680
AUG_ENST00000471135_217	AUG uORF at pos 217 (ENST00000471135, non-canonical_only)	5prime	209	229	20	ACCCTCCTTCCTGCCTGGCC	GGCCAGGCAGGAAGGAGGGT	70.0	-45.8	-1.3	3	1.81		17681667	17681686
AUG_ENST00000471135_217	AUG uORF at pos 217 (ENST00000471135, non-canonical_only)	5prime	211	227	16	CCTCCTTCCTGCCTGG	CCAGGCAGGAAGGAGG	68.8	-34.1	-0.2	2	1.786		17681669	17681684
AUG_ENST00000471135_217	AUG uORF at pos 217 (ENST00000471135, non-canonical_only)	5prime	203	223	20	CGGCCCACCCTCCTTCCTGC	GCAGGAAGGAGGGTGGGCCG	75.0	-46.6	-1.2	3	1.76		17681661	17681680
AUG_ENST00000471135_217	AUG uORF at pos 217 (ENST00000471135, non-canonical_only)	5prime	212	230	18	CTCCTTCCTGCCTGGCCG	CGGCCAGGCAGGAAGGAG	72.2	-39.9	-0.9	2	1.732		17681670	17681687
AUG_ENST00000471135_217	AUG uORF at pos 217 (ENST00000471135, non-canonical_only)	5prime	211	231	20	CCTCCTTCCTGCCTGGCCGC	GCGGCCAGGCAGGAAGGAGG	75.0	-46.6	-2.1	2	1.67		17681669	17681688
AUG_ENST00000918590_144	AUG uORF at pos 144 (ENST00000918590, non-canonical_only)	5prime	130	150	20	AGCGAGGGCGAGAGGCGAGC	GCTCGCCTCTCGCCCTCGCT	75.0	-46.2	-0.3	3	1.83		17681588	17681607
AUG_ENST00000918590_144	AUG uORF at pos 144 (ENST00000918590, non-canonical_only)	5prime	138	158	20	CGAGAGGCGAGCCGAGCAGG	CCTGCTCGGCTCGCCTCTCG	75.0	-45.4	-0.2	2	1.8		17681596	17681615
AUG_ENST00000918590_144	AUG uORF at pos 144 (ENST00000918590, non-canonical_only)	5prime	134	150	16	AGGGCGAGAGGCGAGC	GCTCGCCTCTCGCCCT	75.0	-35.9	0.0	3	1.794		17681592	17681607
AUG_ENST00000918590_144	AUG uORF at pos 144 (ENST00000918590, non-canonical_only)	5prime	140	156	16	AGAGGCGAGCCGAGCA	TGCTCGGCTCGCCTCT	68.8	-34.2	-0.2	2	1.793		17681598	17681613
AUG_ENST00000918590_144	AUG uORF at pos 144 (ENST00000918590, non-canonical_only)	5prime	139	157	18	GAGAGGCGAGCCGAGCAG	CTGCTCGGCTCGCCTCTC	72.2	-39.7	-0.2	2	1.791		17681597	17681614
AUG_ENST00000918590_144	AUG uORF at pos 144 (ENST00000918590, non-canonical_only)	5prime	131	149	18	GCGAGGGCGAGAGGCGAG	CTCGCCTCTCGCCCTCGC	77.8	-41.2	0.0	3	1.783	high_GC	17681589	17681606
AUG_ENST00000918590_144	AUG uORF at pos 144 (ENST00000918590, non-canonical_only)	5prime	137	155	18	GCGAGAGGCGAGCCGAGC	GCTCGGCTCGCCTCTCGC	77.8	-41.3	-0.2	2	1.769	high_GC	17681595	17681612
AUG_ENST00000918590_144	AUG uORF at pos 144 (ENST00000918590, non-canonical_only)	5prime	132	148	16	CGAGGGCGAGAGGCGA	TCGCCTCTCGCCCTCG	75.0	-35.2	0.0	3	1.75		17681590	17681605
AUG_ENST00000918590_144	AUG uORF at pos 144 (ENST00000918590, non-canonical_only)	5prime	138	154	16	CGAGAGGCGAGCCGAG	CTCGGCTCGCCTCTCG	75.0	-34.5	-0.2	2	1.686		17681596	17681611
AUG_ENST00000918590_144	AUG uORF at pos 144 (ENST00000918590, non-canonical_only)	5prime	136	156	20	GGCGAGAGGCGAGCCGAGCA	TGCTCGGCTCGCCTCTCGCC	75.0	-46.2	-2.0	2	1.66		17681594	17681613
AUG_ENST00000918590_144	AUG uORF at pos 144 (ENST00000918590, non-canonical_only)	5prime	133	151	18	GAGGGCGAGAGGCGAGCC	GGCTCGCCTCTCGCCCTC	77.8	-42.1	-2.5	3	1.583	high_GC	17681591	17681608
AUG_ENST00000918590_144	AUG uORF at pos 144 (ENST00000918590, non-canonical_only)	5prime	134	154	20	AGGGCGAGAGGCGAGCCGAG	CTCGGCTCGCCTCTCGCCCT	75.0	-46.1	-2.8	3	1.575		17681592	17681611
AUG_ENST00000918590_144	AUG uORF at pos 144 (ENST00000918590, non-canonical_only)	5prime	135	153	18	GGGCGAGAGGCGAGCCGA	TCGGCTCGCCTCTCGCCC	77.8	-41.9	-2.8	3	1.542	high_GC	17681593	17681610
AUG_ENST00000918590_144	AUG uORF at pos 144 (ENST00000918590, non-canonical_only)	5prime	136	152	16	GGCGAGAGGCGAGCCG	CGGCTCGCCTCTCGCC	81.2	-36.7	-2.0	2	1.519	high_GC	17681594	17681609
AUG_ENST00000918590_144	AUG uORF at pos 144 (ENST00000918590, non-canonical_only)	5prime	132	152	20	CGAGGGCGAGAGGCGAGCCG	CGGCTCGCCTCTCGCCCTCG	80.0	-46.9	-2.8	3	1.515	high_GC	17681590	17681609
AUG_ENST00000918590_89	AUG uORF at pos 89 (ENST00000918590, non-canonical_only)	5prime	83	103	20	CCCCCGCCCGCGGCTGGGCT	AGCCCAGCCGCGGGCGGGGG	90.0	-52.2	-8.8	5	0.98	high_GC;self_folding;homopolymer;G4_risk	17681541	17681560
NC_ACG_110	ACG near-cognate at pos 110 (3.1x enrichment)	5prime	102	122	20	TCCGAGAGACGAGTGGGAGA	TCTCCCACTCGTCTCTCGGA	60.0	-41.3	-0.3	3	1.885		17681560	17681579
NC_ACG_110	ACG near-cognate at pos 110 (3.1x enrichment)	5prime	104	124	20	CGAGAGACGAGTGGGAGAGC	GCTCTCCCACTCGTCTCTCG	65.0	-42.1	0.0	3	1.855		17681562	17681581
NC_ACG_110	ACG near-cognate at pos 110 (3.1x enrichment)	5prime	106	122	16	AGAGACGAGTGGGAGA	TCTCCCACTCGTCTCT	56.2	-30.8	0.0	3	1.85		17681564	17681579
NC_ACG_110	ACG near-cognate at pos 110 (3.1x enrichment)	5prime	105	123	18	GAGAGACGAGTGGGAGAG	CTCTCCCACTCGTCTCTC	61.1	-36.3	0.0	3	1.844		17681563	17681580
NC_ACG_110	ACG near-cognate at pos 110 (3.1x enrichment)	5prime	103	121	18	CCGAGAGACGAGTGGGAG	CTCCCACTCGTCTCTCGG	66.7	-37.5	0.0	3	1.8		17681561	17681578
NC_ACG_110	ACG near-cognate at pos 110 (3.1x enrichment)	5prime	98	114	16	GGGCTCCGAGAGACGA	TCGTCTCTCGGAGCCC	68.8	-34.0	-0.1	3	1.79		17681556	17681571
NC_ACG_110	ACG near-cognate at pos 110 (3.1x enrichment)	5prime	104	120	16	CGAGAGACGAGTGGGA	TCCCACTCGTCTCTCG	62.5	-31.6	0.0	3	1.775		17681562	17681577
NC_ACG_110	ACG near-cognate at pos 110 (3.1x enrichment)	5prime	102	118	16	TCCGAGAGACGAGTGG	CCACTCGTCTCTCGGA	62.5	-31.6	-0.3	2	1.745		17681560	17681575
NC_ACG_110	ACG near-cognate at pos 110 (3.1x enrichment)	5prime	97	115	18	TGGGCTCCGAGAGACGAG	CTCGTCTCTCGGAGCCCA	66.7	-38.2	-1.8	3	1.659		17681555	17681572
NC_ACG_110	ACG near-cognate at pos 110 (3.1x enrichment)	5prime	100	120	20	GCTCCGAGAGACGAGTGGGA	TCCCACTCGTCTCTCGGAGC	65.0	-42.8	-2.5	3	1.64		17681558	17681577
NC_ACG_110	ACG near-cognate at pos 110 (3.1x enrichment)	5prime	96	116	20	CTGGGCTCCGAGAGACGAGT	ACTCGTCTCTCGGAGCCCAG	65.0	-42.5	-2.5	3	1.625		17681554	17681573
NC_ACG_110	ACG near-cognate at pos 110 (3.1x enrichment)	5prime	101	119	18	CTCCGAGAGACGAGTGGG	CCCACTCGTCTCTCGGAG	66.7	-37.5	-1.9	3	1.61		17681559	17681576
NC_ACG_110	ACG near-cognate at pos 110 (3.1x enrichment)	5prime	98	118	20	GGGCTCCGAGAGACGAGTGG	CCACTCGTCTCTCGGAGCCC	70.0	-44.2	-2.5	3	1.61		17681556	17681575
NC_ACG_110	ACG near-cognate at pos 110 (3.1x enrichment)	5prime	99	117	18	GGCTCCGAGAGACGAGTG	CACTCGTCTCTCGGAGCC	66.7	-37.6	-2.5	2	1.556		17681557	17681574
NC_ACG_110	ACG near-cognate at pos 110 (3.1x enrichment)	5prime	100	116	16	GCTCCGAGAGACGAGT	ACTCGTCTCTCGGAGC	62.5	-31.7	-2.5	2	1.531		17681558	17681573
NC_ATC_342	ATC near-cognate at pos 342 (2.6x enrichment)	5prime	333	351	18	GAGGATCTCATCTGGCCA	TGGCCAGATGAGATCCTC	55.6	-35.5	0.0	2	1.911		17681791	17724042
NC_ATC_342	ATC near-cognate at pos 342 (2.6x enrichment)	5prime	334	354	20	AGGATCTCATCTGGCCACCG	CGGTGGCCAGATGAGATCCT	60.0	-41.0	0.0	2	1.9		17681792	17724045
NC_ATC_342	ATC near-cognate at pos 342 (2.6x enrichment)	5prime	335	353	18	GGATCTCATCTGGCCACC	GGTGGCCAGATGAGATCC	61.1	-37.0	0.0	2	1.883		17681793	17724044
NC_ATC_342	ATC near-cognate at pos 342 (2.6x enrichment)	5prime	334	350	16	AGGATCTCATCTGGCC	GGCCAGATGAGATCCT	56.2	-31.0	0.0	2	1.863		17681792	17724041
NC_ATC_342	ATC near-cognate at pos 342 (2.6x enrichment)	5prime	336	352	16	GATCTCATCTGGCCAC	GTGGCCAGATGAGATC	56.2	-30.4	0.0	2	1.825		17724028	17724043
NC_ATC_342	ATC near-cognate at pos 342 (2.6x enrichment)	5prime	332	352	20	CGAGGATCTCATCTGGCCAC	GTGGCCAGATGAGATCCTCG	60.0	-40.6	-0.6	2	1.82		17681790	17724043
NC_ATC_342	ATC near-cognate at pos 342 (2.6x enrichment)	5prime	338	354	16	TCTCATCTGGCCACCG	CGGTGGCCAGATGAGA	62.5	-32.1	0.0	2	1.806		17724030	17724045
NC_ATC_342	ATC near-cognate at pos 342 (2.6x enrichment)	5prime	328	348	20	GCGCCGAGGATCTCATCTGG	CCAGATGAGATCCTCGGCGC	65.0	-42.1	-0.6	2	1.795		17681786	17724039
NC_ATC_342	ATC near-cognate at pos 342 (2.6x enrichment)	5prime	331	349	18	CCGAGGATCTCATCTGGC	GCCAGATGAGATCCTCGG	61.1	-36.3	-0.6	2	1.784		17681789	17724040
NC_ATC_342	ATC near-cognate at pos 342 (2.6x enrichment)	5prime	330	346	16	GCCGAGGATCTCATCT	AGATGAGATCCTCGGC	56.2	-30.4	-0.6	2	1.765		17681788	17724037
NC_ATC_342	ATC near-cognate at pos 342 (2.6x enrichment)	5prime	337	355	18	ATCTCATCTGGCCACCGC	GCGGTGGCCAGATGAGAT	61.1	-36.6	-1.0	2	1.761		17724029	17724046
NC_ATC_342	ATC near-cognate at pos 342 (2.6x enrichment)	5prime	329	347	18	CGCCGAGGATCTCATCTG	CAGATGAGATCCTCGGCG	61.1	-35.4	-0.6	2	1.734		17681787	17724038
NC_ATC_342	ATC near-cognate at pos 342 (2.6x enrichment)	5prime	332	348	16	CGAGGATCTCATCTGG	CCAGATGAGATCCTCG	56.2	-29.6	-0.6	2	1.715		17681790	17724039
NC_ATC_342	ATC near-cognate at pos 342 (2.6x enrichment)	5prime	336	356	20	GATCTCATCTGGCCACCGCG	CGCGGTGGCCAGATGAGATC	65.0	-41.9	-1.3	2	1.715		17724028	17724047
NC_ATC_342	ATC near-cognate at pos 342 (2.6x enrichment)	5prime	330	350	20	GCCGAGGATCTCATCTGGCC	GGCCAGATGAGATCCTCGGC	65.0	-43.0	-3.1	2	1.59		17681788	17724041
NC_CTG_344	CTG near-cognate at pos 344 (2.1x enrichment)	5prime	333	351	18	GAGGATCTCATCTGGCCA	TGGCCAGATGAGATCCTC	55.6	-35.5	0.0	2	1.911		17681791	17724042
NC_CTG_344	CTG near-cognate at pos 344 (2.1x enrichment)	5prime	334	354	20	AGGATCTCATCTGGCCACCG	CGGTGGCCAGATGAGATCCT	60.0	-41.0	0.0	2	1.9		17681792	17724045
NC_CTG_344	CTG near-cognate at pos 344 (2.1x enrichment)	5prime	335	353	18	GGATCTCATCTGGCCACC	GGTGGCCAGATGAGATCC	61.1	-37.0	0.0	2	1.883		17681793	17724044
NC_CTG_344	CTG near-cognate at pos 344 (2.1x enrichment)	5prime	334	350	16	AGGATCTCATCTGGCC	GGCCAGATGAGATCCT	56.2	-31.0	0.0	2	1.863		17681792	17724041
NC_CTG_344	CTG near-cognate at pos 344 (2.1x enrichment)	5prime	336	352	16	GATCTCATCTGGCCAC	GTGGCCAGATGAGATC	56.2	-30.4	0.0	2	1.825		17724028	17724043
NC_CTG_344	CTG near-cognate at pos 344 (2.1x enrichment)	5prime	332	352	20	CGAGGATCTCATCTGGCCAC	GTGGCCAGATGAGATCCTCG	60.0	-40.6	-0.6	2	1.82		17681790	17724043
NC_CTG_344	CTG near-cognate at pos 344 (2.1x enrichment)	5prime	338	354	16	TCTCATCTGGCCACCG	CGGTGGCCAGATGAGA	62.5	-32.1	0.0	2	1.806		17724030	17724045
NC_CTG_344	CTG near-cognate at pos 344 (2.1x enrichment)	5prime	331	349	18	CCGAGGATCTCATCTGGC	GCCAGATGAGATCCTCGG	61.1	-36.3	-0.6	2	1.784		17681789	17724040
NC_CTG_344	CTG near-cognate at pos 344 (2.1x enrichment)	5prime	337	355	18	ATCTCATCTGGCCACCGC	GCGGTGGCCAGATGAGAT	61.1	-36.6	-1.0	2	1.761		17724029	17724046
NC_CTG_344	CTG near-cognate at pos 344 (2.1x enrichment)	5prime	338	358	20	TCTCATCTGGCCACCGCGTT	AACGCGGTGGCCAGATGAGA	60.0	-40.5	-1.3	2	1.745		17724030	17724049
NC_CTG_344	CTG near-cognate at pos 344 (2.1x enrichment)	5prime	332	348	16	CGAGGATCTCATCTGG	CCAGATGAGATCCTCG	56.2	-29.6	-0.6	2	1.715		17681790	17724039
NC_CTG_344	CTG near-cognate at pos 344 (2.1x enrichment)	5prime	336	356	20	GATCTCATCTGGCCACCGCG	CGCGGTGGCCAGATGAGATC	65.0	-41.9	-1.3	2	1.715		17724028	17724047
NC_CTG_344	CTG near-cognate at pos 344 (2.1x enrichment)	5prime	339	357	18	CTCATCTGGCCACCGCGT	ACGCGGTGGCCAGATGAG	66.7	-37.7	-1.3	2	1.681		17724031	17724048
NC_CTG_344	CTG near-cognate at pos 344 (2.1x enrichment)	5prime	340	356	16	TCATCTGGCCACCGCG	CGCGGTGGCCAGATGA	68.8	-33.4	-1.3	2	1.632		17724032	17724047
NC_CTG_344	CTG near-cognate at pos 344 (2.1x enrichment)	5prime	330	350	20	GCCGAGGATCTCATCTGGCC	GGCCAGATGAGATCCTCGGC	65.0	-43.0	-3.1	2	1.59		17681788	17724041
NC_CTG_358	CTG near-cognate at pos 358 (2.6x enrichment)	5prime	353	371	18	GCGTTCTGGAAGAGGCGA	TCGCCTCTTCCAGAACGC	61.1	-35.6	0.0	2	1.806		17724045	17724062
NC_CTG_358	CTG near-cognate at pos 358 (2.6x enrichment)	5prime	350	366	16	ACCGCGTTCTGGAAGA	TCTTCCAGAACGCGGT	56.2	-29.4	0.0	2	1.762		17724042	17724057
NC_CTG_358	CTG near-cognate at pos 358 (2.6x enrichment)	5prime	349	367	18	CACCGCGTTCTGGAAGAG	CTCTTCCAGAACGCGGTG	61.1	-34.6	0.0	2	1.75		17724041	17724058
NC_CTG_358	CTG near-cognate at pos 358 (2.6x enrichment)	5prime	351	369	18	CCGCGTTCTGGAAGAGGC	GCCTCTTCCAGAACGCGG	66.7	-37.0	-0.7	2	1.702		17724043	17724060
NC_CTG_358	CTG near-cognate at pos 358 (2.6x enrichment)	5prime	346	366	20	GGCCACCGCGTTCTGGAAGA	TCTTCCAGAACGCGGTGGCC	65.0	-42.0	-1.5	2	1.7		17724038	17724057
NC_CTG_358	CTG near-cognate at pos 358 (2.6x enrichment)	5prime	348	368	20	CCACCGCGTTCTGGAAGAGG	CCTCTTCCAGAACGCGGTGG	65.0	-41.2	-1.1	2	1.7		17724040	17724059
NC_CTG_358	CTG near-cognate at pos 358 (2.6x enrichment)	5prime	352	368	16	CGCGTTCTGGAAGAGG	CCTCTTCCAGAACGCG	62.5	-30.3	0.0	2	1.694		17724044	17724059
NC_CTG_358	CTG near-cognate at pos 358 (2.6x enrichment)	5prime	354	370	16	CGTTCTGGAAGAGGCG	CGCCTCTTCCAGAACG	62.5	-30.3	0.0	2	1.694		17724046	17724061
NC_CTG_358	CTG near-cognate at pos 358 (2.6x enrichment)	5prime	344	364	20	CTGGCCACCGCGTTCTGGAA	TTCCAGAACGCGGTGGCCAG	65.0	-41.8	-1.5	2	1.69		17724036	17724055
NC_CTG_358	CTG near-cognate at pos 358 (2.6x enrichment)	5prime	345	363	18	TGGCCACCGCGTTCTGGA	TCCAGAACGCGGTGGCCA	66.7	-38.2	-1.5	2	1.689		17724037	17724054
NC_CTG_358	CTG near-cognate at pos 358 (2.6x enrichment)	5prime	352	372	20	CGCGTTCTGGAAGAGGCGAG	CTCGCCTCTTCCAGAACGCG	65.0	-40.6	-1.5	2	1.63		17724044	17724063
NC_CTG_358	CTG near-cognate at pos 358 (2.6x enrichment)	5prime	348	364	16	CCACCGCGTTCTGGAA	TTCCAGAACGCGGTGG	62.5	-30.9	-1.1	2	1.621		17724040	17724055
NC_CTG_358	CTG near-cognate at pos 358 (2.6x enrichment)	5prime	347	365	18	GCCACCGCGTTCTGGAAG	CTTCCAGAACGCGGTGGC	66.7	-36.8	-1.5	2	1.611		17724039	17724056
NC_CTG_358	CTG near-cognate at pos 358 (2.6x enrichment)	5prime	346	362	16	GGCCACCGCGTTCTGG	CCAGAACGCGGTGGCC	75.0	-34.7	-1.4	2	1.579		17724038	17724053
NC_CTG_358	CTG near-cognate at pos 358 (2.6x enrichment)	5prime	350	370	20	ACCGCGTTCTGGAAGAGGCG	CGCCTCTTCCAGAACGCGGT	65.0	-41.1	-2.7	2	1.535		17724042	17724061
NC_CTG_96	CTG near-cognate at pos 96 (2.1x enrichment)	5prime	91	109	18	CGCGGCTGGGCTCCGAGA	TCTCGGAGCCCAGCCGCG	77.8	-41.6	-1.5	3	1.656	high_GC	17681549	17681566
NC_CTG_96	CTG near-cognate at pos 96 (2.1x enrichment)	5prime	92	108	16	GCGGCTGGGCTCCGAG	CTCGGAGCCCAGCCGC	81.2	-37.3	-1.5	3	1.606	high_GC	17681550	17681565
NC_CTG_96	CTG near-cognate at pos 96 (2.1x enrichment)	5prime	90	110	20	CCGCGGCTGGGCTCCGAGAG	CTCTCGGAGCCCAGCCGCGG	80.0	-47.5	-2.5	3	1.575	high_GC	17681548	17681567
NC_CTG_96	CTG near-cognate at pos 96 (2.1x enrichment)	5prime	89	107	18	CCCGCGGCTGGGCTCCGA	TCGGAGCCCAGCCGCGGG	83.3	-43.7	-2.9	3	1.521	high_GC	17681547	17681564
NC_CTG_96	CTG near-cognate at pos 96 (2.1x enrichment)	5prime	90	106	16	CCGCGGCTGGGCTCCG	CGGAGCCCAGCCGCGG	87.5	-38.5	-2.1	3	1.496	high_GC	17681548	17681563
NC_CTG_96	CTG near-cognate at pos 96 (2.1x enrichment)	5prime	88	108	20	GCCCGCGGCTGGGCTCCGAG	CTCGGAGCCCAGCCGCGGGC	85.0	-49.7	-6.3	3	1.205	high_GC;self_folding	17681546	17681565
NC_CTG_96	CTG near-cognate at pos 96 (2.1x enrichment)	5prime	88	104	16	GCCCGCGGCTGGGCTC	GAGCCCAGCCGCGGGC	87.5	-39.5	-6.3	3	1.139	high_GC;self_folding	17681546	17681561
NC_CTG_96	CTG near-cognate at pos 96 (2.1x enrichment)	5prime	85	103	18	CCCGCCCGCGGCTGGGCT	AGCCCAGCCGCGGGCGGG	88.9	-45.6	-7.5	3	1.056	high_GC;self_folding	17681543	17681560
NC_CTG_96	CTG near-cognate at pos 96 (2.1x enrichment)	5prime	84	104	20	CCCCGCCCGCGGCTGGGCTC	GAGCCCAGCCGCGGGCGGGG	90.0	-51.8	-7.9	4	1.05	high_GC;self_folding;G4_risk	17681542	17681561
NC_CTG_96	CTG near-cognate at pos 96 (2.1x enrichment)	5prime	86	106	20	CCGCCCGCGGCTGGGCTCCG	CGGAGCCCAGCCGCGGGCGG	90.0	-50.9	-7.5	3	1.045	high_GC;self_folding	17681544	17681563
NC_CTG_96	CTG near-cognate at pos 96 (2.1x enrichment)	5prime	87	105	18	CGCCCGCGGCTGGGCTCC	GGAGCCCAGCCGCGGGCG	88.9	-45.2	-7.5	3	1.033	high_GC;self_folding	17681545	17681562
NC_GTG_114	GTG near-cognate at pos 114 (3.6x enrichment)	5prime	106	126	20	AGAGACGAGTGGGAGAGCGA	TCGCTCTCCCACTCGTCTCT	60.0	-41.1	0.0	3	1.905		17681564	17681583
NC_GTG_114	GTG near-cognate at pos 114 (3.6x enrichment)	5prime	108	128	20	AGACGAGTGGGAGAGCGAGT	ACTCGCTCTCCCACTCGTCT	60.0	-40.9	0.0	3	1.895		17681566	17681585
NC_GTG_114	GTG near-cognate at pos 114 (3.6x enrichment)	5prime	102	122	20	TCCGAGAGACGAGTGGGAGA	TCTCCCACTCGTCTCTCGGA	60.0	-41.3	-0.3	3	1.885		17681560	17681579
NC_GTG_114	GTG near-cognate at pos 114 (3.6x enrichment)	5prime	104	124	20	CGAGAGACGAGTGGGAGAGC	GCTCTCCCACTCGTCTCTCG	65.0	-42.1	0.0	3	1.855		17681562	17681581
NC_GTG_114	GTG near-cognate at pos 114 (3.6x enrichment)	5prime	106	122	16	AGAGACGAGTGGGAGA	TCTCCCACTCGTCTCT	56.2	-30.8	0.0	3	1.85		17681564	17681579
NC_GTG_114	GTG near-cognate at pos 114 (3.6x enrichment)	5prime	105	123	18	GAGAGACGAGTGGGAGAG	CTCTCCCACTCGTCTCTC	61.1	-36.3	0.0	3	1.844		17681563	17681580
NC_GTG_114	GTG near-cognate at pos 114 (3.6x enrichment)	5prime	108	124	16	AGACGAGTGGGAGAGC	GCTCTCCCACTCGTCT	62.5	-32.3	0.0	3	1.819		17681566	17681581
NC_GTG_114	GTG near-cognate at pos 114 (3.6x enrichment)	5prime	110	126	16	ACGAGTGGGAGAGCGA	TCGCTCTCCCACTCGT	62.5	-32.1	0.0	3	1.806		17681568	17681583
NC_GTG_114	GTG near-cognate at pos 114 (3.6x enrichment)	5prime	107	125	18	GAGACGAGTGGGAGAGCG	CGCTCTCCCACTCGTCTC	66.7	-37.6	0.0	3	1.806		17681565	17681582
NC_GTG_114	GTG near-cognate at pos 114 (3.6x enrichment)	5prime	109	127	18	GACGAGTGGGAGAGCGAG	CTCGCTCTCCCACTCGTC	66.7	-37.6	0.0	3	1.806		17681567	17681584
NC_GTG_114	GTG near-cognate at pos 114 (3.6x enrichment)	5prime	103	121	18	CCGAGAGACGAGTGGGAG	CTCCCACTCGTCTCTCGG	66.7	-37.5	0.0	3	1.8		17681561	17681578
NC_GTG_114	GTG near-cognate at pos 114 (3.6x enrichment)	5prime	104	120	16	CGAGAGACGAGTGGGA	TCCCACTCGTCTCTCG	62.5	-31.6	0.0	3	1.775		17681562	17681577
NC_GTG_114	GTG near-cognate at pos 114 (3.6x enrichment)	5prime	102	118	16	TCCGAGAGACGAGTGG	CCACTCGTCTCTCGGA	62.5	-31.6	-0.3	2	1.745		17681560	17681575
NC_GTG_114	GTG near-cognate at pos 114 (3.6x enrichment)	5prime	100	120	20	GCTCCGAGAGACGAGTGGGA	TCCCACTCGTCTCTCGGAGC	65.0	-42.8	-2.5	3	1.64		17681558	17681577
NC_GTG_114	GTG near-cognate at pos 114 (3.6x enrichment)	5prime	101	119	18	CTCCGAGAGACGAGTGGG	CCCACTCGTCTCTCGGAG	66.7	-37.5	-1.9	3	1.61		17681559	17681576
structure_hotspot	5'UTR structure hotspot (MFE -36.1 kcal/mol)	5prime	206	226	20	CCCACCCTCCTTCCTGCCTG	CAGGCAGGAAGGAGGGTGGG	70.0	-45.0	0.0	3	1.9		17681664	17681683
structure_hotspot	5'UTR structure hotspot (MFE -36.1 kcal/mol)	5prime	207	225	18	CCACCCTCCTTCCTGCCT	AGGCAGGAAGGAGGGTGG	66.7	-39.1	0.0	3	1.889		17681665	17681682
structure_hotspot	5'UTR structure hotspot (MFE -36.1 kcal/mol)	5prime	209	227	18	ACCCTCCTTCCTGCCTGG	CCAGGCAGGAAGGAGGGT	66.7	-39.1	-0.2	3	1.869		17681667	17681684
structure_hotspot	5'UTR structure hotspot (MFE -36.1 kcal/mol)	5prime	211	229	18	CCTCCTTCCTGCCTGGCC	GGCCAGGCAGGAAGGAGG	72.2	-40.8	-0.4	2	1.832		17681669	17681686
structure_hotspot	5'UTR structure hotspot (MFE -36.1 kcal/mol)	5prime	208	224	16	CACCCTCCTTCCTGCC	GGCAGGAAGGAGGGTG	68.8	-34.2	0.0	3	1.813		17681666	17681681
structure_hotspot	5'UTR structure hotspot (MFE -36.1 kcal/mol)	5prime	210	226	16	CCCTCCTTCCTGCCTG	CAGGCAGGAAGGAGGG	68.8	-34.1	0.0	3	1.806		17681668	17681683
structure_hotspot	5'UTR structure hotspot (MFE -36.1 kcal/mol)	5prime	210	230	20	CCCTCCTTCCTGCCTGGCCG	CGGCCAGGCAGGAAGGAGGG	75.0	-46.5	-0.9	3	1.785		17681668	17681687
structure_hotspot	5'UTR structure hotspot (MFE -36.1 kcal/mol)	5prime	212	228	16	CTCCTTCCTGCCTGGC	GCCAGGCAGGAAGGAG	68.8	-34.2	-0.4	2	1.773		17681670	17681685
structure_hotspot	5'UTR structure hotspot (MFE -36.1 kcal/mol)	5prime	208	228	20	CACCCTCCTTCCTGCCTGGC	GCCAGGCAGGAAGGAGGGTG	70.0	-45.1	-1.6	3	1.745		17681666	17681685
structure_hotspot	5'UTR structure hotspot (MFE -36.1 kcal/mol)	5prime	214	230	16	CCTTCCTGCCTGGCCG	CGGCCAGGCAGGAAGG	75.0	-35.4	-0.9	2	1.672		17681672	17681687
structure_hotspot	5'UTR structure hotspot (MFE -36.1 kcal/mol)	5prime	213	231	18	TCCTTCCTGCCTGGCCGC	GCGGCCAGGCAGGAAGGA	72.2	-40.7	-2.1	2	1.657		17681671	17681688
structure_hotspot	5'UTR structure hotspot (MFE -36.1 kcal/mol)	5prime	212	232	20	CTCCTTCCTGCCTGGCCGCG	CGCGGCCAGGCAGGAAGGAG	75.0	-45.7	-1.9	2	1.645		17681670	17681689
structure_hotspot	5'UTR structure hotspot (MFE -36.1 kcal/mol)	5prime	216	232	16	TTCCTGCCTGGCCGCG	CGCGGCCAGGCAGGAA	75.0	-35.4	-1.9	2	1.573		17681674	17681689
structure_hotspot	5'UTR structure hotspot (MFE -36.1 kcal/mol)	5prime	215	233	18	CTTCCTGCCTGGCCGCGG	CCGCGGCCAGGCAGGAAG	77.8	-41.2	-3.4	2	1.443	high_GC	17681673	17681690
structure_hotspot	5'UTR structure hotspot (MFE -36.1 kcal/mol)	5prime	214	234	20	CCTTCCTGCCTGGCCGCGGG	CCCGCGGCCAGGCAGGAAGG	80.0	-47.8	-4.3	3	1.41	high_GC	17681672	17681691
