transcript_id	start_codon	utr_pos	stop_pos	aa_len	uaug_genomic	ribo_peak_mean	ribo_background_mean	ribo_enrichment	ribo_validated	phyloP_uaug_window	target_type
ENST00000353383	GTG	114	484	122	17681572	37.1	10.4	3.57	True	0.2868	near_cognate_uORF
ENST00000353383	ACG	110	179	21	17681568	32.8	10.7	3.06	True	0.2823	near_cognate_uORF
ENST00000353383	ATC	342	484	46	17724034	11.4	4.3	2.62	True	1.4943	near_cognate_uORF
ENST00000353383	ATT	2	179	57	17681460	12.5	4.8	2.6	True	0.6453	near_cognate_uORF
ENST00000353383	CTG	358	472	36	17724050	9.2	3.6	2.57	True	1.5819	near_cognate_uORF
ENST00000353383	CTG	96	484	128	17681554	29.2	13.7	2.13	True	0.3928	near_cognate_uORF
ENST00000353383	CTG	344	484	45	17724036	9.1	4.3	2.13	True	1.454	near_cognate_uORF
ENST00000353383	AAG	362	484	39	17724054	7.8	4.0	1.95	False	1.4423	near_cognate_uORF
ENST00000353383	GTG	318	484	54	17681776	19.7	11.6	1.7	False	0.4765	near_cognate_uORF
ENST00000353383	GTG	43	322	91	17681501	8.4	5.5	1.51	False	0.5987	near_cognate_uORF
ENST00000353383	AGG	272	484	69	17681730	18.9	13.0	1.46	False	0.3737	near_cognate_uORF
ENST00000353383	AGG	365	484	38	17724057	6.0	4.3	1.38	False	1.5236	near_cognate_uORF
ENST00000353383	AGG	453	484	9	17724145	7.6	5.8	1.31	False	1.5716	near_cognate_uORF
ENST00000353383	CTG	223	322	31	17681681	12.8	9.8	1.3	False	0.2248	near_cognate_uORF
ENST00000353383	ACG	425	484	18	17724117	6.1	4.9	1.26	False	1.0403	near_cognate_uORF
ENST00000353383	CTG	219	484	87	17681677	10.4	10.2	1.03	False	0.2534	near_cognate_uORF
ENST00000353383	CTG	163	322	51	17681621	10.0	10.1	0.99	False	-0.1775	near_cognate_uORF
ENST00000353383	AGG	308	484	57	17681766	12.8	16.8	0.76	False	0.3751	near_cognate_uORF
ENST00000353383	GTG	126	484	118	17681584	11.5	15.3	0.75	False	0.1507	near_cognate_uORF
ENST00000353383	AAG	288	484	64	17681746	10.8	15.2	0.71	False	0.2419	near_cognate_uORF
ENST00000353383	GTG	381	484	33	17724073	3.3	4.9	0.68	False	1.0041	near_cognate_uORF
ENST00000353383	AAG	307	322	3	17681765	10.8	17.0	0.64	False	0.3808	near_cognate_uORF
ENST00000353383	AGG	372	484	36	17724064	3.1	4.8	0.64	False	1.5333	near_cognate_uORF
ENST00000353383	AGG	155	179	6	17681613	7.7	12.4	0.62	False	-0.1446	near_cognate_uORF
ENST00000353383	ACG	417	484	21	17724109	3.0	5.1	0.59	False	1.2147	near_cognate_uORF
ENST00000353383	AGG	456	484	8	17724148	3.5	6.3	0.55	False	1.6741	near_cognate_uORF
ENST00000353383	AGG	411	484	23	17724103	3.0	5.6	0.53	False	1.2999	near_cognate_uORF
ENST00000353383	AAG	410	484	23	17724102	2.6	5.7	0.46	False	1.3641	near_cognate_uORF
ENST00000353383	ACG	399	484	27	17724091	2.4	5.7	0.43	False	0.8232	near_cognate_uORF
ENST00000353383	AGG	134	179	13	17681592	6.8	16.1	0.42	False	0.1463	near_cognate_uORF
ENST00000353383	AGG	189	484	97	17681647	3.0	7.4	0.4	False	0.4736	near_cognate_uORF
ENST00000353383	AGG	192	484	96	17681650	2.8	7.6	0.36	False	0.6185	near_cognate_uORF
ENST00000353383	AGG	390	484	30	17724082	1.9	5.6	0.33	False	0.9141	near_cognate_uORF
ENST00000353383	AGG	54	484	142	17681512	3.0	9.5	0.32	False	0.3811	near_cognate_uORF
ENST00000353383	AGG	142	322	58	17681600	4.8	16.3	0.3	False	0.0534	near_cognate_uORF
ENST00000353383	AGG	31	322	95	17681489	2.1	7.1	0.3	False	0.5647	near_cognate_uORF
ENST00000353383	AGG	27	484	151	17681485	1.9	7.2	0.26	False	0.5546	near_cognate_uORF
ENST00000353383	AAG	53	179	40	17681511	2.6	9.8	0.26	False	0.3614	near_cognate_uORF
ENST00000353383	ATC	337	472	43	17724029	1.0	5.6	0.18	False	1.6122	near_cognate_uORF
ENST00000353383	AGG	334	472	44	17681792	0.0	12.5	0.0	False	0.2357	near_cognate_uORF
ENST00000353383	ATA	468	484	4	17792933	0.0	18.4	0.0	False	2.4787	near_cognate_uORF
